title,comment,note,comment_filtrer
Mariposas,"Lorsque le jeu est jeu, bon, réflexif, joli pour qui est sensible à ce style d'illustration... Lorsque l'on a envie d'y rejouer encore pour essayer autrement, et revivre cette histoire de papillons et de voyages... Et lorsqu'en plus, au détour des règles, on s'intéresse également au propos et à la sensibilisation, légère comme les ailes du dit-papillons et pourtant aussi bien amené, alors effectivement, il y a là un très bon jeu, ludiquement parlant (et il est possible de s'arrêter là) mais également très bon pour l'ouverture des yeux des joueuses et joueurs au monde qui nous entoure... Ça, c'est deux fois bon !",8,Lorsque est bon réflexif joli est sensible style illustration Lorsque a envie rejouer encore essayer autrement revivre histoire papillons voyages lorsqu' plus détour règles intéresse également propos sensibilisation légère ailes dit - papillons pourtant aussi bien amené alors effectivement a là très bon ludiquement parlant est possible arrêter là également très bon ouverture yeux joueuses joueurs monde entoure Ça est deux fois bon
The LOOP,"Edition (Univers, Direction artistique, Matériel) 5/5\nRègles (Clarté, Ergonomie, Complexité) 3/5\nRejouabilité (Mécanique, Profondeur, Efficacité) 3/5\nRenouvellement (Répétitif, Sensation, Durée) 4/5\n\nRéussir à renouveler le jeu coopératif n'est pas chose aisée. Il s'y passe un peu toujours la même chose : les héros font des actions, chacun avec une capacité spéciale ou deux qui tord un peu les règles, puis le méchant pollue le plateau d'une façon ou d'une autre. Il faudra donc à la fois s'occuper d'éteindre, ou de diminuer au moins, les points chauds tout en continuant d'avancer les critères qui mènent à la victoire par ailleurs. Et tout le reste dépend de l'univers et des aventures proposées par le jeu. \nEt là, The Loop se pose pas mal là. Que ce soit par les pollutions partiellement aléatoire du Docteur Foo ou par la mécanique de loop temporelle alliée à l'aspect ""deckbuilding"" décliné dans le jeu, on peut, si tant est qu'on aime la patte graphique (c'est mon cas) et l'histoire des clones à chasser d'époque en époque, se retrouver pris dans le casse-tête proposé par The Loop. \nL'humour des objets et des personnages, question de goûts, se marient bien et le travail autour des différents scénarios et niveaux de difficulté assurent à qui aime une difficulté croissante autour d'un tempo à maîtriser.\nUne belle itération d'un jeu coopératif et un univers qu'on se plaît à arpenter",8,Edition Univers Direction artistique Matériel 5/5\nRègles Clarté Ergonomie Complexité 3/5\nRejouabilité Mécanique Profondeur Efficacité Répétitif Sensation Durée renouveler coopératif n' est pas chose aisée passe peu toujours même chose héros font actions capacité spéciale deux tord peu règles méchant pollue plateau façon autre faudra donc fois occuper éteindre diminuer moins points chauds tout continuant avancer critères mènent victoire ailleurs tout reste dépend univers aventures proposées \nEt là The Loop pose pas mal là Que pollutions partiellement aléatoire Docteur Foo mécanique loop temporelle alliée aspect deckbuilding décliné peut si tant est qu' aime patte graphique est cas histoire clones chasser époque époque retrouver pris casse-tête proposé The Loop \nL' humour objets personnages question goûts marient bien travail autour différents scénarios niveaux difficulté assurent aime difficulté croissante autour tempo belle itération coopératif univers plaît arpenter
Harry Potter : Bataille à Poudlard - Défense contre les Forces du Mal,"Edition (Univers, Direction artistique, Matériel) 3/5\nRègles (Clarté, Ergonomie, Complexité) 4/5\nRejouabilité (Mécanique, Profondeur, Efficacité) 3/5\nRenouvellement (Répétitif, Sensation, Durée) 3/5\n\nDu deckbuilding sur trois round gagnants (donc potentiellement 5 manches) dans l'univers d'Harry Potter, ça part très bien ! \nMais les photos, comme dans Bataille à Poudlard, sont tirés du film et pourraient daté un peu l'édition de ce jeu, bien moins ancré dans l'univers du film, puisque ne reconstituant ""que"" la scène du duel dans La Chambre des secrets comparé à son grand frère coopératif. On retrouve tellement, par ailleurs, la charte graphique de ""HP - Hogward's Battle"" que l'envie est grande d'avoir à la fois un jeu et une extension... Mais non, ce n'est qu'un jeu à part ! Le matériel reste de bonne qualité et les règles sont claires.\nCe qui coince un peu est que, si l'idée du duel semble en être une bonne, les manches qui se suivent, à moins de vraiment bien connaître le jeu et de savoir sur quelle stratégie ""long terme"" partir (en espérant que les cartes qui vont avec sortiront, bien sûr), le jeu est un peu ""plus je gagne et plus je gagne"". La comparaison avec Star Realms est vite présente à l'esprit : Deckbuilding ; Achat, Régénérer, Taper ; Des familles (ici les 4 maisons) qui, si nous avons des cartes lui appartenant, permettent de profiter de l'effet bonus.\nMais là où Star Realms a le mérite de proposer des affrontements ""one shot"", nerveux et court qui en appellent d'autre en repartant à zéro (et donc à égalité), ici, le temps peut devenir long pour celui qui perd sans trop d'espoir de revenir. \nN'en demeure pas moins un jeu simple pour appréhender les deckbuildings dans un univers clairement porteur et qui reste plaisant pour débuter ou s'en faire une petite de temps en temps. Notons également la bonne idée que sont les mauvais sorts tellement il est plaisant d'aller pourrir le deck de son adversaire... Et là pour le coup, ok, nous sommes en plein dans le thème :)",6,Edition Univers Direction artistique Matériel 3/5\nRègles Clarté Ergonomie Complexité 4/5\nRejouabilité Mécanique Profondeur Efficacité Répétitif Sensation Durée 3/5\n\nDu deckbuilding trois round gagnants donc potentiellement 5 manches univers Harry Potter part très bien \nMais photos Bataille Poudlard sont tirés film pourraient daté peu édition bien moins ancré univers film puisque ne reconstituant que scène duel Chambre secrets comparé grand frère coopératif retrouve tellement ailleurs charte graphique HP Hogward' s Battle que envie est grande avoir fois extension non n' est qu' part matériel reste bonne qualité règles sont coince peu est que si idée duel semble être bonne manches suivent moins vraiment bien connaître savoir stratégie long terme partir espérant que cartes vont sortiront bien sûr est peu plus gagne plus gagne comparaison Star Realms est vite présente esprit Deckbuilding Achat Régénérer Taper familles ici 4 maisons si avons cartes appartenant permettent profiter effet bonus.\nMais là Star Realms a mérite proposer affrontements one shot nerveux court appellent autre repartant zéro donc égalité ici temps peut devenir long perd trop espoir revenir \nN' demeure pas moins simple appréhender deckbuildings univers clairement porteur reste plaisant débuter faire petite temps temps Notons également bonne idée que sont mauvais sorts tellement est plaisant aller pourrir deck adversaire là coup sommes plein thème :)
Roméo & Juliette,"Marions (c'est le cas de le dire) un thème finalement peu usité avec une contrainte de communication dans un jeu coopératif où le dit-thème sert complètement le propos. Ajoutons en dot une boite, un matériel qui lui aussi, amène à tourner autour du pot, autour de ces amoureux transis qui se courent après en essayant d'éviter la discorde où les pousse les deux familles ennemis et vous voici avec un jeu à deux prenant et qui, non seulement, raconte une belle histoire mais plusieurs belles histoires. \nEn effet, le renouvellement aurait pu être pauvre si vous n'aviez fait que jouer la même histoire mais non, plusieurs ""scénarios"", ""étapes de la grande histoire"" sont à jouer, amenant également à maîtriser de mieux en mieux le jeu et ses mécanismes. \nIl faut faire face à différents événements et toujours remettre sur l'ouvrage la gestion du jeu et cette communication contrainte et restreinte pour l'emporter. \nUn beau défi que ce jeu à deux et une belle édition !",8,Marions est cas dire thème finalement peu usité contrainte communication coopératif dit - thème sert complètement propos Ajoutons dot boite matériel aussi amène tourner autour pot autour amoureux transis courent essayant éviter discorde pousse deux familles ennemis voici deux prenant non seulement raconte belle histoire belles histoires \nEn effet renouvellement aurait pu être pauvre si n' aviez fait que jouer même histoire non scénarios étapes grande histoire sont jouer amenant également maîtriser mieux mieux mécanismes \nIl faut faire face différents événements toujours remettre ouvrage gestion communication contrainte restreinte emporter \nUn beau défi deux belle édition
Tekhenu,"Oui, parce que là, il faudra un peu vous masser les neurones... D'un autre côté, nous parlons d'un jeu des auteurs (pour l'un ou l'autre) de Trickerion, des Voyages de Marco Polo ou encore Anachrony... Rien que du ""très léger"", donc !\nIci, rien à dire, ceux qui aiment la salade de points, version gâteau à la crème avec supplément Chantilly seront en extase. Pour les autres, attention à l'écoeurement. \nSi le coeur du jeu autour de cet obélisque (et astérixsme bien sûr) et la mécanique des dés qui évoluent de pur à corrompu ou interdit en fonction de la lumière est une très bonne idée, il y avait largement moyen d'en faire un jeu extrêmement agréable sans en ajouter forcément des tonnes. Autant la construction des ateliers, et même les colonnades du temples permettent de rester dans le thème, par ailleurs, plutôt agréable et cohérent avec les mécaniques du jeu, autant quelques ajouts comme l'adjacence des couleurs au temple, un peu de majorité dans les ""colonnes"" des ateliers, un peu de coordonnées avec deux récupérations différentes dans les lignes et colonnes du temple sembleraient pouvoir ne pas y être et permettre de resserrer l'intérêt du jeu autour d'une colonne (encore) vertébrale plus marquée. \nCeci étant, les règles, une fois acquise, se retrouvent assez rapidement partout sur le plateau avec une iconographie et des choix de code couleur plutôt compréhensibles et le temps de jeu reste plutôt raisonnable pour ce type de jeu. Quant au renouvellement, que ce soit par l'ensemble des cartes où même la répartition différente des dieux, ce paramètre est assurément présent. Donc sans être dénué de ce qui peut être pour les uns des excroissances inutiles, nous avons clairement là un bon cru d'un jeu qu'on peut qualifier ""d'expert"".\nTerminons tout de même par cette bizarrerie du jugement de Maât qui n'était pas du tout l'équilibre entre la pureté et la corruption de vos actions mais bien la pesée de votre ka comparativement au poids d'une plume de la déesse... Etonnante vision donc que cet équilibre, mais après tout, c'est pour ""du jeu"" !",7,"Oui parce que là faudra peu masser neurones autre côté parlons auteurs Trickerion Voyages Marco Polo encore Anachrony que très léger donc \nIci dire aiment salade points version gâteau crème supplément Chantilly seront extase autres attention écoeurement \nSi coeur autour obélisque astérixsme bien sûr mécanique dés évoluent pur corrompu interdit fonction lumière est très bonne idée avait largement moyen faire extrêmement agréable ajouter forcément tonnes Autant construction ateliers même colonnades temples permettent rester thème ailleurs plutôt agréable cohérent mécaniques autant ajouts adjacence couleurs temple peu majorité colonnes ateliers peu coordonnées deux récupérations différentes lignes colonnes temple sembleraient pouvoir ne pas être permettre resserrer intérêt autour colonne encore vertébrale plus marquée \nCeci étant règles fois acquise retrouvent assez rapidement partout plateau iconographie choix code couleur plutôt compréhensibles temps reste plutôt raisonnable type Quant renouvellement que ensemble cartes même répartition différente dieux paramètre est assurément présent Donc être dénué peut être uns excroissances inutiles avons clairement là bon cru peut qualifier expert"".\nTerminons tout même bizarrerie jugement Maât n' était pas tout équilibre pureté corruption actions bien pesée ka comparativement poids plume déesse Etonnante vision donc que équilibre tout est"
Clank! Legacy: Acquisitions Incorporated.,"C'est avec Renegade France que nous repartons à la recherche de trésors dans une course sans cesse renouvelées. Si vous ne connaissez pas Clank ! et que vous souhaitez introduire ce jeu sur votre table, cette version Legacy est faite pour vous. Attention, vous allez placer des autocollants, déchirer des cartes et autres plaisirs rédhibitoires pour certaines et certains, vous êtes prévenu... Et c'est tellement drôle !\n\nAutour de votre franchise d'aventuriers collecteurs de trésors, vous allez jouer un deckbuilding, c'est à dire acheter des cartes qui viendront agrandir votre paquet en espérant que tout cela marche bien ensemble et rapporte des points. Et le Legacy vous procurera le double plaisir de vivre une campagne de partie en partie pour retrouver, à la fin, un plateau de jeu unique et valable pour toutes vos futures parties autour de la gamme Clank !\n\nEntre humour décalé et coups pendables entre joueuses et joueurs, vivez une expérience drôle et unique que certains ont même rejoué plusieurs fois.",9,est Renegade France repartons recherche trésors course cesse renouvelées Si ne connaissez pas Clank que souhaitez introduire table version Legacy est faite Attention allez placer autocollants déchirer cartes autres plaisirs rédhibitoires êtes prévenu est tellement drôle franchise aventuriers trésors allez jouer deckbuilding est dire acheter cartes viendront agrandir paquet espérant que marche bien ensemble rapporte points Legacy procurera double plaisir vivre campagne partie partie retrouver fin plateau unique valable toutes futures parties autour gamme Clank \n\nEntre humour décalé coups pendables joueuses joueurs vivez expérience drôle unique que ont même rejoué fois
Schotten Totten 2,"Edition (Univers, Direction artistique, Matériel) 4/5\nRègles (Clarté, Ergonomie, Complexité) 4/5\nRejouabilité (Mécanique, Profondeur, Efficacité) 5/5\nRenouvellement (Répétitif, Sensation, Durée) 4/5\n\nLà où le premier opus de Knizia, symétrique, tournait autour d'une sombre histoire de bornes, retrouvons maintenant de l'assymétrie avec une histoire, porteuse, de remparts à défendre. \nLa dose de réflexions de ce jeu à deux est très présente, ce qui en fait son charme, mais la différence de poste entre défense et attaque lui donne aussi un plaisir supplémentaire et une re-découverte du jeu... Au point que nous sommes ravis de pouvoir compter sur les deux jeux en fonction des envies. \nRéfléchir ""en plusieurs bandes"" (si je montre ça, il peut prouver que sa combinaison est la plus forte donc il faut d'abord que je joue ça pour ensuite..."" reste toujours parfaitement maîtrisé et à maîtriser et ne vous attendez donc pas à des éclats de rire et autres bidonnements, nous sommes clairement dans un jeu à tripatouillage de neurones silencieux... Mais il le fait bien, très bien même et dans la gamme très chouette des Mini Games chez Iello, c'est nickel !...\nA une petite exception près... Les chaudrons d'huiles oO Tailles et matière font lever un sourcil d'étonnement. C'est un détail mais notons-le tout-de-même :D",8,Edition Univers Direction artistique Matériel 4/5\nRègles Clarté Ergonomie Complexité 4/5\nRejouabilité Mécanique Profondeur Efficacité 5/5\nRenouvellement Répétitif Sensation Durée 4/5\n\nLà premier opus Knizia symétrique tournait autour sombre histoire bornes retrouvons maintenant assymétrie histoire porteuse remparts défendre \nLa dose réflexions est très présente fait charme différence poste défense attaque donne aussi plaisir supplémentaire re-découverte point sommes ravis pouvoir compter deux fonction envies \nRéfléchir bandes si montre peut prouver que combinaison est plus forte donc faut abord que joue ensuite reste toujours parfaitement maîtrisé maîtriser ne attendez donc pas éclats rire autres bidonnements sommes clairement tripatouillage neurones silencieux fait bien très bien même gamme très chouette Mini Games Iello est nickel \nA petite exception près chaudrons huiles oO Tailles matière font lever sourcil étonnement est détail notons - tout-de-même :D
Prehistories,"Edition (Univers, Direction artistique, Matériel) 4/5\nRègles (Clarté, Ergonomie, Complexité) 4/5\nRejouabilité (Mécanique, Profondeur, Efficacité) 4/5\nRenouvellement (Répétitif, Sensation, Durée) 4/5\n\nDans une boite où les illustrations de Camille Chaussy rendent chaque élément choupinou, vous trouverez une course aux objectifs qui cachent un jeu d'enchère familial et aussi malin que plaisant. S'il manque un petit sac pour mélanger et piocher vraiment à l'aveugle les pièces que nous placerons après la chasse (phase d'enchère) sur notre mur de grotte, jouer à la fois sur la gestion de sa tribu (main de cartes) nécessitant parfois de se reposer pour la reconstituer et à la fois sur les enchères (les petits groupes se serviront en premier mais les plus grands groupes ramèneront de meilleurs trophées) amène des situations et des décisions très sympas à partager. Il n'y a que le fait d'avoir la règle du plus rapide (plus grand chiffre) sur les égalités alors que le reste du temps c'est du plus petit au plus grand qui fait parfois froncer les sourcils. \nArrive ensuite le jeu de placement et la course aux objectifs permettant de se débarrasser le plus vite possible de ses jetons tribu pour gagner et vous obtenez un très chouette jeu familial où tout se passe avec fluidité et bonne ambiance !\nAttention, hein, pas un jeu d'experts... Mais un bon jeu passerelle ou découverte !\nBien vu !",8,Edition Univers Direction artistique Matériel 4/5\nRègles Clarté Ergonomie Complexité 4/5\nRejouabilité Mécanique Profondeur Efficacité 4/5\nRenouvellement Répétitif Sensation Durée boite illustrations Camille Chaussy rendent élément choupinou trouverez course objectifs cachent enchère familial aussi malin que plaisant S' manque petit sac mélanger piocher vraiment aveugle pièces placerons chasse phase enchère mur grotte jouer fois gestion tribu main cartes nécessitant parfois reposer reconstituer fois enchères petits groupes serviront premier plus grands groupes ramèneront meilleurs trophées amène situations décisions très sympas partager n' a que fait avoir règle plus rapide plus grand chiffre égalités alors que reste temps est plus petit plus grand fait parfois froncer sourcils \nArrive ensuite placement course objectifs permettant débarrasser plus vite possible jetons tribu gagner obtenez très chouette familial passe fluidité bonne ambiance \nAttention hein pas experts bon passerelle découverte \nBien vu
The Crew,"Très bien vu, Monsieur Sing ! Depuis votre console de Cap Canaveral, vous avez fort bien réussi à marier le jeu de plis et le jeu coopératif. Il faut aimer les jeux de plis, certes. Mais pour ceux qui n'aiment pas, l'aspect coopératif / puzzle-game pourrait prendre le dessus. Il faut aimer les jeux coopératifs, d'accord. Mais pour ceux qui n'aiment pas, cela reste un vrai jeu de plis avec une forme d'annonce. Au lieu d'avoir le ""cul entre deux chaises"", l'alliance renforce la somme des deux aspects.\n\nIl faut même parfois se retenir, comme vous le diront les ""ultras d'Hanabi"", de ne pas soulever un sourcil  ou de s'exclamer d'un ""OOOuuuh oui, trop bien !"" lorsqu'un pli se passe comme vous l'aviez prévu ! Parce que, qu'on le veuille ou non, ce sont des communications qui donnent des infos supplémentaires simplifiant potentiellement la teneur du défi. Pourtant quel délice de vivre entre amis ces regards lourds de sens, mais potentiellement incompréhensible, puisque l'informations n'est que dans votre tête et les autres joueurs ne savent pas ce que vous savez !... Ou n'ont pas bien compris le sens de votre stratégie ! Quel plaisir torturé, ces interminables discussions de fin de mission à base de ""mais t'avais pas pigé mon message ou quoi ? Si j'ai joué un 1, ce n'est pas pour que tu fasses n'importe quoi pour le plaisir, c'était pour laisser la main à Johan qui, trois plis après, partait à la chasse au p'tit... enfin, aux déflecteurs !""\n\nAlors il faut être clair, le vernis de l'histoire n'est qu'un vernis ! Mais il a à la fois la pudeur de se faire oublier lorsqu'on se concentre sur telle carte à gagner ou telle manoeuvre tordue pour perdre telle autre pendant la partie, tout autant que le liant nécessaire pour fournir une petite pause bienvenue pour continuer l'aventure de partie en partie, de défi en défi.\n\nRenouvelons donc notre pronostique, The Crew a tous les atouts en main pour réussir un décollage parfait et repartir de la planète Spiel auréolé de la victoire !",9,Très bien vu Monsieur Sing console Cap Canaveral avez fort bien réussi marier plis coopératif faut aimer plis certes n' aiment pas aspect coopératif puzzle - game pourrait prendre dessus faut aimer coopératifs accord n' aiment pas reste vrai plis forme annonce lieu avoir cul deux chaises alliance renforce somme deux aspects.\n\nIl faut même parfois retenir comme diront ultras Hanabi ne pas soulever sourcil   exclamer OOOuuuh oui trop bien lorsqu' pli passe aviez prévu Parce que qu' veuille non sont communications donnent infos supplémentaires simplifiant potentiellement teneur défi Pourtant délice vivre amis regards lourds sens potentiellement incompréhensible puisque informations n' est que tête autres joueurs ne savent pas savez n' ont pas bien compris sens stratégie Quel plaisir torturé interminables discussions fin mission base avais pas pigé message Si ai joué 1 n' est pas que tu fasses n' importe plaisir était laisser main Johan trois plis partait chasse p' tit enfin déflecteurs faut être clair vernis histoire n' est qu' vernis a fois pudeur faire oublier lorsqu' concentre telle carte gagner telle manoeuvre tordue perdre telle autre partie tout autant que liant nécessaire fournir petite pause bienvenue continuer aventure partie partie défi défi.\n\nRenouvelons donc pronostique The Crew a tous atouts main réussir décollage parfait repartir planète Spiel auréolé victoire
MicroMacro Crime City,"Edition (Univers, Direction artistique, Matériel) 3/5 \nRègles (Clarté, Ergonomie, Complexité) 5/5 \nRejouabilité (Mécanique, Profondeur, Efficacité) 4/5 \nRenouvellement (Répétitif, Sensation, Durée) 5/5 \n\nCertes, le grand poster est en papier et il vous faudra y faire attention (liquides et autres tâches graisseuses de doigts dégoulinants).\nCeci étant dit, ce jeu reste une vraie pépite : Il donne à la fois les sensations d'enquêter, de lire une bd, de voyager dans le temps à rebours tout autant que de découvrir une ""petite"" cité vivante et bouillonnante.\nLe moindre détail peut être une nouvelle enquête, la moindre phrase lue sur le site du jeu également, et vous voilà reparti au delà des 16 enquêtes déjà présentes dans la boite.\nPeut être qu'au bout de 10 boites, l'essoufflement apparaîtra... Mais en attendant, c'est clairement un des jeux de l'année, un plaisir ludique qui se consomme sans faim à découvrir et enquêter sur toutes ces petites histoires d'une drôle de Crime City !",9,Edition Univers Direction artistique Matériel 3/5 \nRègles Clarté Ergonomie Complexité 5/5 \nRejouabilité Mécanique Profondeur Efficacité \nRenouvellement Répétitif Sensation Durée 5/5 \n\nCertes grand poster est papier faudra faire attention liquides autres tâches graisseuses doigts étant dit reste vraie pépite donne fois sensations enquêter lire bd voyager temps rebours tout autant que découvrir petite cité vivante bouillonnante.\nLe moindre détail peut être nouvelle enquête moindre phrase lue site également voilà reparti delà 16 enquêtes déjà présentes boite.\nPeut être qu' bout 10 boites essoufflement apparaîtra attendant est clairement année plaisir ludique consomme faim découvrir enquêter toutes petites histoires drôle Crime City
Zombie Teenz Évolution,"Edition (Univers, Direction artistique, Matériel) 4/5 \nRègles (Clarté, Ergonomie, Complexité) 5/5 \nRejouabilité (Mécanique, Profondeur, Efficacité) 5/5 \nRenouvellement (Répétitif, Sensation, Durée) 5/5 \n\nLes enfants ont grandis (que ce soit dans le jeu ou en vrai) et c'est une joie de se retrouver autour de la suite de l'histoire démarrée par Zombie Kids Evolution. Toujours impatients d'enchaîner les parties et découvrir ce qu'Annick Lobet nous avait inventé avec le Scorpion Masqué dans cet opus. \nLes règles sont toujours aussi accessibles et vont croissantes avec les enveloppes ouvertes, comme les émerveillements de voir nos aventures se transformer en bande-dessinées que l'on découvre également au fur et à mesure des ""kinders enveloppes"".\nNotons également sans gâcher quoi que ce soit la très bonne idée nécessitant un héros dans chaque case pour pouvoir se la passer, renforçant cette idée de coopération...\nDécouvrez cette histoire, cette ""campagne"" (plusieurs parties qui se suivent et dont les précédentes impliques des conséquences sur les suivantes) dans une ambiance bonne enfant... Enfin, bons adolescents quoi !",9,"Edition Univers Direction artistique Matériel 4/5 \nRègles Clarté Ergonomie Complexité 5/5 \nRejouabilité Mécanique Profondeur Efficacité 5/5 \nRenouvellement Répétitif Sensation Durée 5/5 \n\nLes enfants ont grandis que soit vrai est joie retrouver autour suite histoire démarrée Zombie Evolution Toujours impatients enchaîner parties découvrir qu' Annick Lobet avait inventé Scorpion Masqué opus règles sont toujours aussi accessibles vont croissantes enveloppes ouvertes émerveillements voir aventures transformer bande - dessinées que découvre également fur mesure kinders enveloppes"".\nNotons également gâcher que soit très bonne idée nécessitant héros case pouvoir passer renforçant idée coopération \nDécouvrez histoire campagne parties suivent précédentes impliques conséquences suivantes ambiance bonne enfant Enfin bons adolescents"
Agricola Big Box 2 joueurs - Les Fermiers de la Lande,"Largement de quoi faire autour de ce jeu à deux qui permet de retrouver l'ambiance du classique Agricola (sans les cartes, ce qui est aussi un gain de temps de parties quand on veut faire plus court) mais aussi une partie de ces mécanismes. Mais une partie seulement. Le timing des choix en étant deux joueurs rend plus tendu la ""prise de risque"" à laisser telle ou telle action. Pour autant, la rivière des bâtiments disponibles influence également le visage de chaque partie. Réflexions en début de partie donc, élaboration d'une stratégie tout en ne laissant pas se déployer celle de l'adversaire, adaptation en cours et plaisir de voir sa ferme se développer... \nAgricola 2 joueurs, il a tout du grand, mais en pas pareil ! Et c'est chouette !",8,Largement faire autour permet retrouver ambiance classique Agricola cartes est aussi gain temps parties quand veut faire plus court aussi partie mécanismes partie seulement timing choix étant deux joueurs rend plus tendu prise risque laisser telle telle action autant rivière bâtiments disponibles influence également visage partie Réflexions début partie donc élaboration stratégie tout ne laissant pas déployer adversaire adaptation cours plaisir voir ferme développer \nAgricola 2 joueurs a tout grand pas pareil est chouette
Karak : Mon premier donjon Crawler,"Petit jeu de mot sur l'extension d'Heroquest qui m'aura bercé dans ma tendre enfance, voici Karak pour la tendre enfance de mes loupiots. Si le jeu est un peu répétitif pour moi, il n'en demeure pas moins vrai que celui à qui il s'adresse véritablement enchaîne les parties, avec d'autres loupiots ou avec les grands parce que ça passe bien quand même. Vivement l'extension pour augmenter cet aspect ""renouvellement des parties"".\nNotons également que Karak a un aspect ""bac à sable"" au sens où il est très facile de s'ajouter quelques éléments, règles, évènements maison pour le ""pimper"", faire évoluer le jeu à sa convenance. Une très très bonne base de découverte des jeux d'explorations de sombres donjons.",8,"Petit mot extension Heroquest aura bercé tendre enfance voici Karak tendre enfance loupiots Si est peu répétitif n' demeure pas moins vrai que adresse véritablement enchaîne parties autres loupiots grands parce que passe bien quand même Vivement extension augmenter aspect renouvellement parties"".\nNotons également que Karak a aspect bac sable sens est très facile ajouter éléments règles évènements maison pimper faire évoluer convenance très très bonne base découverte explorations sombres donjons"
The Faceless,"Le plaisir d'un mécanisme peu exploité (aimants) pour mettre en place une thématique en adéquation : un ""à-peu-près"" qui va bien avec, à la fois l'exploration dans un endroit brumeux où l'on peut se perdre facilement, et en même temps, l'effroi incontrôlable qui amène à ne pas trop savoir où l'on fuit : Le plaisir du déplacement à ""l'aveugle-boussole"", le plaisir de découvrir comment le déplacement de telle ou telle figurine va ""influencer"" le groupe via cette petite aiguille mouvante presque magiquement... \nCertes ce thème, ces illustrations et cette ""originalité"" ne feront certainement pas de ce jeu un ""must have"", mais créativement parlant, ludiquement parlant, je considère que c'est un très chouette OLNI (si, si, vous savez, un Objet Ludique... voilà !)",8,plaisir mécanisme peu exploité aimants mettre place thématique adéquation à-peu-près va bien fois exploration endroit brumeux peut perdre facilement même temps effroi incontrôlable amène ne pas trop savoir où fuit plaisir déplacement aveugle - boussole plaisir découvrir comment déplacement telle telle figurine va influencer groupe petite aiguille mouvante presque magiquement \nCertes thème illustrations originalité ne feront certainement pas must have créativement parlant ludiquement parlant considère que est très chouette OLNI si si savez Objet Ludique voilà
Le Gant d'infinité : Un jeu Love Letter,"Edition (Univers, Direction artistique, Matériel) 5/5 \nRègles (Clarté, Ergonomie, Complexité) 3/5 \nRejouabilité (Mécanique, Profondeur, Efficacité) 4/5 \nRenouvellement (Répétitif, Sensation, Durée) 3/5 \n \nL'édition de cette version de Love Letter qui n'est pas de son auteur (mais avec sa bénédiction, bien sûr) est au poil. \nPar contre, il faut, pour un des représentants du ""game design minimaliste"" passer le cap des règles, un poil longuettes pour ce qu'elles expliquent (et Love Letter était déjà comme ça). \nL'envie de rejouer, de réussir à déjouer les plans de Thanos fonctionnent bien et il est fort rare que les joueurs se contentent d'une seule partie. \nÉtonnamment, cette version du jeu est, en perdant l'épure du jeu de base, un peu répétitif . Préférez finalement le 3 à 5 joueurs, le 6 est un peu longuet. Et là où Love Letter proposait une fin de partie aux points (et ici, aux poings... :D) gardant, malgré les éliminations rapides, un enjeu tout du long, ici, les amateurs de la licence et/ou les amateurs de Love Letter découvriront avec plaisir une sorte d'exercice de style avec la déclinaison asymétrique ""héros vs Thanos"".\nUne bonne version donc, mais qui pourtant, ramène à l'ingéniosité de la première version, le Love Letter classique, d'autant plus avec la dernière version qui permet d'y jouer jusqu'à 6 en gardant son rythme parfaitement fonctionnel.",7,"Edition Univers Direction artistique Matériel 5/5 \nRègles Clarté Ergonomie Complexité 3/5 \nRejouabilité Mécanique Profondeur Efficacité \nRenouvellement Répétitif Sensation Durée \n \nL' édition version Love Letter n' est pas auteur bénédiction bien sûr est poil \nPar faut représentants game design minimaliste passer cap règles poil longuettes expliquent Love Letter était déjà \nL' envie rejouer réussir déjouer plans Thanos fonctionnent bien est fort rare que joueurs contentent seule partie \nÉtonnamment version est perdant épure base peu répétitif Préférez finalement 3 5 joueurs est peu longuet là Love Letter proposait fin partie points ici poings :D gardant éliminations rapides enjeu tout long ici amateurs licence / amateurs Love Letter découvriront plaisir sorte exercice style déclinaison asymétrique héros vs Thanos"".\nUne bonne version donc pourtant ramène ingéniosité première version Love Letter classique autant plus dernière version permet jouer gardant rythme parfaitement fonctionnel"
ATLANTES,"Avec un jeu agréable et dynamique (attention au léger syndrôme ""d'analyse paralysante"" chez certains joueurs, il n'y a quand même pas de quoi y passer des heures), la mécanique de jeu par ""étapes à franchir"" pour moduler ses ressources et possibilités par le truchement de cartes qu'on ""remonte"" au fur et à mesure dans le plateau bien pensé, et assez thématique, finalement, se marie fort bien avec un jeu de gestion d'action via une main de carte au soupçon de deckbuilding (soupçon puisque ce n'est pas là du tout le centre du jeu puisqu'il est, hypothétiquement au moins, possible de jouer sans jamais faire remonter son paquet de cartes en main). L'ensemble est rafraichissante, comme les eaux profondes où nous vivrons l'aventures et les raies ajoutent la touche matérielle pour ""s'immerger"" (facile, celle-là :) ) encore plus. \nLes pions objectifs amènent un renouvellement bienvenu pour une analyse et une temporalité de jeu différentes (l'aspect ""course aux objectifs"") qui permettra de ré-ouvrir la boite pour de nouvelles parties. \nEncore un bon choix de localisation de Gigamic",8,agréable dynamique attention léger syndrôme analyse paralysante joueurs n' a quand même pas passer heures mécanique étapes franchir moduler ressources possibilités truchement cartes remonte fur mesure plateau bien pensé assez thématique finalement marie fort bien gestion action main carte soupçon deckbuilding soupçon puisque n' est pas là tout centre puisqu' est hypothétiquement moins possible jouer jamais faire remonter paquet cartes main ensemble est rafraichissante eaux profondes vivrons aventures raies ajoutent touche matérielle immerger facile -là :) encore plus \nLes pions objectifs amènent renouvellement bienvenu analyse temporalité différentes aspect course objectifs permettra ré-ouvrir boite nouvelles parties \nEncore bon choix localisation Gigamic
Top Ten,"Ah le plaisir humain de ranger en classant du plus caca au moins licorne... ou l'inverse en mélangé. Des situations étonnantes donnant lieu à des interprétations individuelles qui le sont tout autant pour ensuite juger et rigoler à retrouver l'ordre du plus au moins des idées de chacun. Qu'il y ait discussions et/ou explications au pourquoi du comment ensuite, il y a eu des moments cocasses, et ce, pratiquement à toutes les parties. Un vrai bon moment d'échanges ! Top !",9,Ah plaisir humain ranger classant plus caca moins licorne inverse mélangé situations étonnantes donnant lieu interprétations individuelles sont tout autant ensuite juger rigoler retrouver ordre plus moins idées ait discussions / explications pourquoi comment ensuite a eu moments cocasses pratiquement toutes parties vrai bon moment échanges Top
Daimyo - La Renaissance de l'Empire,"Retrouvez un eurogame à interaction directe et forte avec ce Daimyo. \nS'il n'offre pas particulièrement d'originalité dans une mécanique ou l'autre, c'est dans l'appropriation de l'ensemble des mécanismes présentes que Daimyo développe son originalité. Plaisir donc de combos par ses cartes Héros ainsi que par le ""développement"" de son plateau via les actions bonus débloqués et positionnés à sa convenance, plaisir d'une interaction forte autour des batailles de majorité d'influence sur les différentes îles avec les coups pendards possibles... \nNotons cependant un effet ""Campagne de financement participative"" et donc un développement matériel étonnant. Les plateaux de la boite de base sont très (trop) légers et le set de plateaux, difficilement trouvable à part, apparaitrait vite comme nécessaire pour le confort de jeu ; Et à l'inverse, les figurines sont à playtester en fonction de vos goûts. En effet, le plateau et son illustrations, chouette, reste chargé et y ajouter les figurines (pions de luxe en fait) peut nuire à la lisibilité de l'ensemble suivant ce qui vous est important pour ""l'immersion""... mais qui double le prix d'un jeu qui n'est pas un ""ameritrash"" malgré tout. \nNe boudons pas notre plaisir en terme ludique et retournons affronter les gouverneurs adverses en construisant techno-fermes et autres radar-dômes tout en évitant les ninjas de l'ombre et rassemblant les artefacts de notre civilisation ante-apocalypse !",8,Retrouvez eurogame interaction directe forte Daimyo \nS' n' offre pas particulièrement originalité mécanique est appropriation ensemble mécanismes présentes Daimyo développe originalité Plaisir donc combos cartes Héros ainsi que développement plateau actions bonus débloqués positionnés convenance plaisir interaction forte autour batailles majorité influence différentes îles coups pendards possibles \nNotons cependant effet Campagne financement participative donc développement matériel étonnant plateaux boite base sont très trop légers set plateaux difficilement trouvable part apparaitrait vite nécessaire confort inverse figurines sont playtester fonction goûts effet plateau illustrations chouette reste chargé ajouter figurines pions luxe fait peut nuire lisibilité ensemble suivant est important immersion double prix n' est pas ameritrash \nNe boudons pas plaisir terme ludique retournons affronter gouverneurs adverses construisant techno - fermes autres radar - dômes tout évitant ninjas ombre rassemblant artefacts civilisation ante - apocalypse
Saint Seiya : Deckbuilding,,7,
Adventure Games - Le Donjon,"C'est un peu comme une série quelque part. Nous sommes accrochés une fois l'histoire lancée et nous avons envie d'aller au bout. L'avantage ici, c'est que l'horloge ne joue pas vraiment. Du coup, on peut se faire plaisir à tout tenter, tout essayer. Ça, c'est l'aspect plaisant ! L'aspect ""paragraphe"" à lire renforce aussi l'histoire, sans que ça ne soit de la grande littérature. Mais il n'y a pas, lorsque l'on est rôliste (amateur de jeu de rôle), l'exigence est trop haute :) \nCe qu'il faut donc retenir, c'est que pour le prix, et si on veut un peu d'aventures, un peu d'énigmes, un peu d'exploration, il y a de quoi vivre un bon moment partagé en se mettant un peu dans la peau de personnages, pour découvrir ce qu'on va pouvoir faire... et ensuite ce qu'on aurait pu faire :)",6,est peu série quelque part sommes accrochés fois histoire lancée avons envie aller bout avantage ici est que horloge ne joue pas vraiment coup peut faire plaisir tout tenter tout essayer Ça est aspect plaisant aspect paragraphe lire renforce aussi histoire que ne soit grande littérature n' a pas lorsque est rôliste amateur rôle exigence est trop haute :) \nCe qu' faut donc retenir est que prix si veut peu aventures peu énigmes peu exploration a vivre bon moment partagé mettant peu peau personnages découvrir va pouvoir faire ensuite aurait pu faire :)
Cartographers,"Le plaisir d'un draw & write qui voit son thème en adéquation avec son propos. Je suis un cartographe et je dessine une carte. Qui plus est, dans une ambiance ""rôlistique"" med-fan, ce qui n'est jamais pour déplaire au rôliste que je suis. Et comme en plus, ""sans le faire exprès"", on me demande d'être méchant avec les voisins en pourrissant leur carte d'embuscades, ça se paye même le luxe d'être rigolo pour ça.\nJ'aime bien !",7,plaisir draw write voit thème adéquation propos suis cartographe dessine carte plus est ambiance rôlistique med - fan n' est jamais déplaire rôliste que suis plus faire exprès demande être méchant voisins pourrissant carte embuscades paye même luxe être rigolo ça.\nJ' aime bien
Association 10 dés,"Que voulez-vous, que ce soit grâce à Marie-Ange ou pas, mais j'aimais Pyramide. Et retrouver un peu ce sentiment, même si, ici, c'est moins le ""jeu de piste"" que véritablement ""l'association d'idées"" qui est premier, c'est top. Immédiat et infini, Association 10 dés permet cette ambiance bon enfant où nous essayons d'entrer dans la tête des uns et des autres, avec des découvertes aux yeux en mode ""illuminés"" en comprenant comment le chemin s'est fait dans la tête de vos partenaires sur tel ou tel mot. \nEt puis, pouvoir renouveler le plaisir de jeu avec un mode ou l'autre, c'est aussi agréable parce que ça donne deux ambiances aux jeux différentes. \nBref, un fort bon jeu d'animations et d'équipes",8,voulez -vous que soit grâce Marie-Ange pas aimais Pyramide retrouver peu sentiment même si ici est moins piste véritablement association idées est premier est top Immédiat infini Association 10 dés permet ambiance bon enfant essayons entrer tête uns autres découvertes yeux mode illuminés comprenant comment chemin est fait tête partenaires tel tel mot \nEt pouvoir renouveler plaisir mode est aussi agréable parce que donne deux ambiances différentes \nBref fort bon animations équipes
Taco Chat Bouc Cheese Pizza,"Non, ce n'est pas un souci de carte bleue au rabais... C'est Taco Chat Bouc Cheese Pizza ! Et dans le genre des jeux d'ambiance sur lesquels il y a de la rapidité, des petits défis à connaître... et reconnaître donc rapidement, ce dernier se pose bien là ! Et ce refrain ""Taco Chat Bouc Cheese Pizza"" qui vient rendre confus...  \nEt bien, c'est ce qui marche ! C'est à qui se trompera, pour de multiples raisons, avec une tête confuse de ""je n'ai pas compris ce que je n'ai pas bien fait"" ou ""bon sang, c'était pas encore ça !"", ce qui est toujours drôle !\nAlors, en fonction de vos goûts, si vous êtes un indécrottable ""sérieux"", ça pourrait ne pas être pour vous ! Mais sinon,  ça peut être une vraie bonne partie de temps en temps pour le plaisir de retrouver cette ambiance sans la gâcher en usant trop la corde à répétition ! Un bon moment de rigolades !",8,Non n' est pas souci carte bleue rabais est Taco Chat Bouc Cheese Pizza genre ambiance a rapidité petits défis connaître reconnaître donc rapidement dernier pose bien là refrain Taco Chat Bouc Cheese Pizza vient rendre confus   \nEt bien est marche est trompera multiples raisons tête confuse n' ai pas compris n' ai pas bien fait bon sang était pas encore est toujours drôle \nAlors fonction goûts si êtes indécrottable sérieux pourrait ne pas être sinon   peut être vraie bonne partie temps temps plaisir retrouver ambiance gâcher usant trop corde répétition bon moment rigolades
Mare Nostrum,"Et non, l'avis, quoiqu'en dise le titre, n'est pas négatif... absolument pas!!Le jeu est beau, les règles qu'on discute sont simples... (une fois comprise lol), les parties, longues peut-être, mais toujours motivantes, déchaînées, à couteau tiré... rien d'impassible!!Tout ça est très ludique quoi qu'on en dise, même si justement il y a beaucoup à en dire.Je rejoins Monsieur Phal dans sa manière de voir les choses... Il y a des choses à dire, des ""trucs"" qu'on voudrait voir améliorer, et pourtant, ça n'enlève rien de rien, j'y joue encore, j'y joue toujours, et avec plaisir... le plaisir de manipuler le matériel, de tenter de feinter le jeu, d'explorer une nouvelle voie, de se lancer et de combattre, et tant pis pour les dés...Non, quoiqu'il en soit, j'y joue, et avec plaisir... donc c'est un bon jeu, non?!? cqfd... oui, mais................. ;-)",8,non avis quoiqu' dise titre n' est pas négatif absolument pas!!Le est beau règles discute sont simples fois comprise lol parties longues peut-être toujours motivantes déchaînées couteau tiré impassible!!Tout est très ludique dise même si justement a beaucoup dire rejoins Monsieur Phal manière voir choses a choses dire trucs voudrait voir améliorer pourtant n' enlève joue encore joue toujours plaisir plaisir manipuler matériel tenter feinter explorer nouvelle voie lancer combattre tant pis dés Non quoiqu' joue plaisir donc est bon non cqfd oui ;-)
10' to kill,"Et hop, les contrats sont dans la poche, il va falloir mettre en place le professionnel et ses cibles... là où les autres, qui ne savent rien encore, en font de même. Parfois une fenêtre s'ouvre et il faut en profiter pour dégainer... parfois, le mouvement effectuer sera le mouvement de trop, à découvert, et l'étau de la police se resserre... quand ce ne sont pas vos propres collègues qui tentent de vous expédier !\nUn jeu où ce qui se passe autour de la table, en regards, commentaires et autres, fait autant, pour le sel du jeu, que ce qui se passe en mouvement, déduction et autres ""effaçages"" crapuleux sur le plateau. \nUn coup de coeur !",8,hop contrats sont poche va falloir mettre place professionnel cibles là autres ne savent encore font même Parfois fenêtre ouvre faut profiter dégainer parfois mouvement effectuer sera mouvement trop découvert étau police resserre quand ne sont pas propres collègues tentent expédier \nUn passe autour table regards commentaires autres fait autant sel que passe mouvement déduction autres effaçages plateau \nUn coup coeur
BattleLore Seconde Édition,"... mais jamais ne faiblira car toujours là je serai pour ce jeu aux potentiels infinis (ou presque) et tous aussi enthousiasmant les uns que les autres...Du très bon matériel (avec la technique de l'eau chaude, tout devient encore plus beau et plus droit), des règles qui en donnent beaucoups et qui en promettent encore plus, des créatures, des conseils de guerres, des tuiles qu'on rêvent de voir, d'autres qu'on a qu'on rêve de mettre en 3D...Non, ce jeu, c'est du rêve, de l'amusement puissance dix en boîte... et j'attends mars sans impatience pour les prochaines extensions car jusque là, j'ai déjà largement de quoi faire dans une boite qui peut se suffire à elle-même pour les plus récalcitrant...que du bonheur!!",10,jamais ne faiblira toujours là serai potentiels infinis presque tous aussi enthousiasmant uns que autres très bon matériel technique eau chaude devient encore plus beau plus droit règles donnent beaucoups promettent encore plus créatures conseils guerres tuiles rêvent voir autres a qu' rêve mettre 3D Non est rêve amusement puissance dix boîte attends mars impatience prochaines extensions jusque là ai déjà largement faire boite peut suffire plus récalcitrant que bonheur
Splendor,,8,
Colossus Arena,"Très intéressant, ce jeu de pli...On soutient son poulain(son combattant, quoi!!), on choisit si on attend un peu avant de sortir un crasse ou pas, on se regarde et on se jauge... on s'en veut d'une ultime pose d'un joueur qui ruine tout, mais on demande une deuxième partie pour se refaire... comme dans tous bons jeux de paris...Le thème est sympa et le fait de tirer les combattants au hasard ou pas donne du renouvellement (relativement) au jeu.Juste une petite chose : à cinq joueur, on va rarement au bout, car la pioche s'épuise vite... cependant, il est parfois tactique de ne pas trop piocher pour justement continuer... ah làlà, ces choix...",8,Très intéressant pli soutient poulain(son combattant choisit si attend peu sortir crasse pas regarde jauge veut ultime pose joueur ruine tout demande deuxième partie refaire bons paris thème est sympa fait tirer combattants hasard pas donne renouvellement relativement Juste petite chose cinq joueur va rarement bout pioche épuise vite cependant est parfois tactique ne pas trop piocher justement continuer ah làlà choix
Ginkgopolis,"Les intrications mécaniques de Ginkgopolis sont aux petits oignons. Il faut un vrai apprentissage pour les maîtriser, certes, ce en quoi il a une certaine exigences par rapport à des jeux plus immédiats mais en échange, vous y trouverez une profondeur que ces jeux récents n'ont plus forcément. \nA vous donc de maîtriser le jeu des cartes pour construire les bâtiments au juste prix et surtout au juste endroit afin de maximiser vos quartiers mais aussi ce qu'ils vous rapporteront, à la fois en terme de ressources mais aussi en terme de ""combos"" de capacités. \nPour autant, ne laissez surtout pas vos adversaires sans surveillance pour ne pas non plus laisser passer la carte qui leurs permettrait de vous ""exploser"" au score. Cette interaction, quasiment directe, est assez remarquable dans ce style de jeu.\nUne ré-édition qui permettra donc de découvrir ou re-découvrir ce jeu qui, bien que d'une apparence un peu sèche, cache un étonnant cocktail ludique ! \nA essayer absolument lorsqu'on est fan d'eurogame",7,intrications mécaniques Ginkgopolis sont petits oignons faut vrai apprentissage maîtriser certes a certaine exigences rapport plus immédiats échange trouverez profondeur que récents n' ont plus forcément \nA donc maîtriser cartes construire bâtiments juste prix surtout juste endroit afin maximiser quartiers aussi rapporteront fois terme ressources aussi terme combos capacités autant ne laissez surtout pas adversaires surveillance ne pas non plus laisser passer carte permettrait exploser score interaction quasiment directe est assez remarquable style jeu.\nUne ré-édition permettra donc découvrir re-découvrir bien que apparence peu sèche cache étonnant cocktail ludique essayer absolument lorsqu' est fan eurogame
La Crypte de la Créature,"Non, c'est vrai quoi, ça fait pas peur, mais il y a vraiment risque de mourrir... de rire...Les bons coups se préparent pendant que les autres jouent (sauf si on joue en simultanée), on applaudit bien fort quand la créature fait ce qu'on avait pensé (et ça arrive pas forcément à chaque fois...) on aide les autres à trouver un bon truc pour protéger ses joueurs, ce qui entraîne basse vengeance et alliance à trahir... dés que l'ambiance s'installe, et que les joueurs réfléchissent sans tomber dans l'outrance, on passe un très bon moment...Je ne regrette pas mon achat, et même, je le conseille!!!",8,Non est vrai fait pas peur a vraiment risque mourrir rire bons coups préparent que autres jouent si joue simultanée applaudit bien fort quand créature fait avait pensé arrive pas forcément fois aide autres trouver bon truc protéger joueurs entraîne basse vengeance alliance trahir dés que ambiance installe que joueurs réfléchissent tomber outrance passe très bon moment ne regrette pas achat même conseille
Bang!,"ça, c'est du bon jeu... et avec les copains rôlistes, et les copines de rôlistes... jusqu'au fête de famille, il a toujours mis de l'ambiance à l'égal des Loups-Garous de Thiercelieux, en moins nombreux possible.Pour peu qu'on pousse un peu tout le monde et hop, les bonnes répliques fusent aussi vite que les coups de feu, les mains partent en forme de six-coups, les regards se croisent, on réfléchit à qui est qui (rien à voir avec l'émission...) et on se plait à jouer une autre partie dés que la première est finie.Alors soit, il arrive que le premier éliminé s'ennuye si le reste de la partie s'éternise... voir même que le premier soit éliminé sans avoir pu jouer (deux bang et une dynamite... pas de bol, quoi!!!) mais bon, ça permet à quelqu'un d'endosser le rôle du tenancier du saloon... ""hep, patron!!... un lait-fraise!!""",8,est bon copains rôlistes copines rôlistes fête famille a toujours mis ambiance égal Loups - Garous Thiercelieux moins nombreux possible peu qu' pousse peu tout monde hop bonnes répliques fusent aussi vite que coups feu mains partent forme six - coups regards croisent réfléchit est voir émission plait jouer autre partie dés première est finie Alors arrive que premier éliminé ennuye si reste partie éternise voir même que premier soit éliminé avoir pu jouer deux bang dynamite pas bol bon permet endosser rôle tenancier saloon hep patron lait - fraise
Bang! : Dodge City,"l'extension de Wanted m'a bien plus... j'dirai même que les persos de l'extension ont parfois plus de relief que ceux du jeu de bases.Les cartes vertes qui ne se déclenchent qu'après avoir patienté un tour sont sympathiques à mettre en jeu, car ça rapproche du coup de poker... bien sûr, ça peut avoir pour conséquence de rallonger la durée d'une partie, mais n'oublions pas que c'est un jeu d'ambiance très sympathique, et qu'à ce titre, il ne faut pas se prendre la tête (ça veut pas dire qu'il ne faut pas réfléchir un brin, attention... lol) et se la jouer ""rôle"" plutôt que ""tête"".Non, en définitive, une bonne extension, un poil chère peut-être...",8,"extension Wanted a bien plus dirai même que persos extension ont parfois plus relief que bases cartes vertes ne déclenchent qu' avoir patienté tour sont sympathiques mettre rapproche coup poker bien sûr peut avoir conséquence rallonger durée partie n' oublions pas que est ambiance très sympathique qu' titre ne faut pas prendre tête veut pas dire qu' ne faut pas réfléchir brin attention lol jouer rôle plutôt que tête"" Non définitive bonne extension poil chère peut-être"
Pandémie,"Oui, ce jeu coopératif, ""boite témoin"" du genre, laisse la place au ""joueur alpha"" (mais le ""joueur alpha"" est un mauvais joueur, il n'a qu'à fermer sa mouille pour respecter le plaisir des autres joueurs), oui, il reste un peu madeleine proustienne pour moi mais peu importe. J'apprécie la montée en puissance du jeu, j'apprécie les plans A, B, C, D au cas où et c'est la carte improbable qui sort et qui fait monter l'adrénaline, j'apprécie l'inéluctabilité de certaines parties... Parce que, toujours, à la fin, je peux raconter une sacrée histoire de la partie ! Et ça, c'est le top pour moi !",9,Oui coopératif boite témoin genre laisse place joueur alpha joueur alpha est mauvais joueur n' a qu' fermer mouille respecter plaisir autres joueurs oui reste peu madeleine proustienne peu importe apprécie montée puissance apprécie plans A B C D cas est carte improbable sort fait monter adrénaline apprécie inéluctabilité parties Parce que toujours fin peux raconter sacrée histoire partie est top
Epic BattleLore : Batailles épiques,"En effet, c'est un bonheur pour moi d'avoir de la place, de manoeuvrer avec des armées plus grandes, de pouvoir jouer plus longtemps...Bon, je pourrais jouer sans, bien sûr, car justement, maintenant, le jeu est modulable à souhait en fonction du temps, du niveau, etc... voulu!!",10,effet est bonheur avoir place manoeuvrer armées plus grandes pouvoir jouer plus longtemps Bon pourrais jouer bien sûr justement maintenant est modulable souhait fonction temps niveau etc voulu
Invasions,"Au départ, les retours effectués en coulant son Drakkar m'ont surpris également... puis, en y réfléchissant, je me suis dit que finalement, pour ne pas rallonger inutilement le jeu en faisant des voyages retours à vide juste pour faire le voyage retour, c'était effectivement une idée... on peut considérer que le temps de voyage (quand on y va) est en fait un temps d'aller-retour, ce qui me paraît satisfaisant comme explication de mécanisme. Pour les Drakkars coulés, le fait de retourner en zone d'hivernage directement met fin au tour du joueur... à lui de voir comment il gère son tour pour le jouer au mieux : ""vais-je tenter le pillage de cette ville avec mes deux troupes vikings alors que je n'en suis qu'à ma deuxième journée de voyage ou pas???"" Les sagas qui ne sont pas toutes prises, et qui sont différentes dans leur but mais aussi suivant le pays qu'elles servent assurent un renouvellement des parties... les runes amènent une bonne interactivité ou un bon coup de main, sans déséquilibre flagrant (et puis de toute façon, à chacun de choisir s'il pioche ou non les runes). Le fait que ce soit seulement le dernier à finir les conditions d'une saga qui l'emporte est aussi à bien prendre en compte, mais ça amène toute l'interactivité du jeu... (presque toute... ) Maintenant, le hasard des dés est parfois un peu pregnant... trop, je ne crois pas, car on lance souvent les dés... on peut aussi ne pas les lancer du tout (on ne fait que du commerce!!)... Mais il est vrai que prendre Paris sur un six en lançant son premier dés, alors que le joueur d'à côté, qui a fait du commerce sur une ville à deux (donc difficulté -1 pour le pillage) et qui fait trois un de suite, perdant trois fiers vikings et ne gardant que ses yeux pour pleurer peut sembler particulièrement axé ""chance et c'est tout..."" Je prends volontairement les exemples extrêmes, bien sûr; n'oublions pas que j'ai dit plus haut qu'on lance les dés souvent (c'est pas toutes les trente secondes non plus, hein, attention...) ce qui lisse ce côté chance sur une partie d'une heure trente à deux heures. Pour ce faire, j'avoue être tenter d'essayer une règle maison pour booster son attaque... du style : ""je sacrifie d'entrée un viking pour avoir +1 à mon dé, deux vikings pour avoir +2... mais je lance quand même le dé car le 1 est un échec automatique!!""... enfin, un truc du style pour permettre un peu plus de contre-balancement pour la non-moule... le tableau ci-dessus me paraît pas mal non plus... ou alors voir à donner un bonus d'expérience par échec obtenu (comme l'Arcane de BattleLore : tu rates, mais ça te sert pour après)... Pour finir, j'ai vraiment apprécié ce jeu et j'attends avec impatience d'en refaire pour confirmer ça... pour les dés, soit je préviendrai avant et ça se joue très bien comme ça (je ne suis pas du tout allergique aux dés et ne ressents pas l'effet ""petits chevaux"" décrit ci-dessus car il y a beaucoups à faire au-delà des dés) ou à tester avec variante pour les allergiques au hasard...",10,départ retours effectués coulant Drakkar ont surpris également réfléchissant suis dit que finalement ne pas rallonger inutilement faisant voyages retours vide juste faire voyage retour était effectivement idée peut considérer que temps voyage quand va est fait temps aller - retour paraît satisfaisant explication mécanisme Drakkars coulés fait retourner zone hivernage directement met fin tour joueur voir comment gère tour jouer mieux vais tenter pillage ville deux troupes vikings alors que n' suis qu' deuxième journée voyage pas sagas ne sont pas prises sont différentes but aussi suivant pays servent assurent renouvellement parties amènent bonne interactivité bon coup main déséquilibre flagrant façon choisir s' pioche non runes fait que soit seulement dernier finir conditions saga emporte est aussi bien prendre compte amène toute interactivité presque toute Maintenant hasard dés est parfois peu pregnant trop ne crois pas lance souvent dés peut aussi ne pas lancer ne fait que commerce est vrai que prendre Paris six lançant premier dés alors que joueur côté a fait commerce ville deux donc difficulté pillage fait trois suite trois fiers vikings ne gardant que yeux pleurer peut sembler particulièrement axé chance est tout prends volontairement exemples extrêmes bien sûr n' oublions pas que ai dit plus haut qu' lance dés souvent est pas toutes trente secondes non plus hein attention lisse côté chance partie heure trente deux heures faire avoue être tenter essayer règle maison booster attaque style sacrifie entrée viking avoir +1 dé deux vikings avoir +2 lance quand même dé est échec automatique enfin truc style permettre peu plus contre-balancement non-moule tableau ci - dessus paraît pas mal non plus alors voir donner bonus expérience échec obtenu Arcane BattleLore rates te sert finir ai vraiment apprécié attends impatience refaire confirmer dés soit préviendrai joue très bien ne suis pas tout allergique dés ne ressents pas effet petits chevaux décrit ci - dessus a beaucoups faire au-delà dés tester variante allergiques hasard
Marvel Heroes,"... mais collé à la boite...En effet, le côté gestion d'équipe, de pouvoirs, d'alliés, le petit côté stratégique du ""dans quel ordre je vais faire mes actions, et quelles actions je vais faire d'abord...."", les bastons à coups de dés contre tous les autres joueurs qui sont rien que des méchants, et même des fois des ultimes méchants diaboliques, le tout bien immersif à mon sens dans l'univers des supers-héros... non, là, je vous le dis...On tient un très bon jeu... et pour ma part, un très très bon jeu qui, sans être devin, restera longtemps cher à mon coeur...Chifoumi",10,collé boite effet côté gestion équipe pouvoirs alliés petit côté stratégique ordre vais faire actions actions vais faire abord bastons coups dés tous autres joueurs sont que méchants même fois ultimes méchants diaboliques tout bien immersif sens univers supers - héros non là dis tient très bon part très très bon être devin restera longtemps cher coeur Chifoumi
Niagara : Flussgeister am Niagara,"et bien et bien... moi qui était, avec toute la petite famille (une cinquantaine de personnes) derrière, fan de ce jeu, voilà-t-y pas qu'avec cette extension, on en redemande encore... et encore... On prend plaisir, encore plus de plaisir, à manipuler tout ce beau matériel, dans un sens, dans un autre, on y réfléchie encore plus pour tenter sa stratégie à la ""si t'avais pas mis ton nuage, je gagnais...!!""J'aime ce jeu, ce jeu est aimé, et avec l'extension, on a vraiment un top nickel jeu familialChifoumi",10,"bien bien était toute petite famille cinquantaine personnes derrière fan voilà - t - pas qu' extension redemande encore encore prend plaisir encore plus plaisir manipuler beau matériel sens autre réfléchie encore plus tenter stratégie si avais pas mis nuage gagnais !!""J' aime est aimé extension a vraiment nickel familialChifoumi"
Deluxe Camping,"... pendant que je termine avec les petits de la voisines!!!Quelle bonne ambiance!!... quelle pourrissement sauvage amical!!... non, vraiment, on est pris par l'ambiance du jeu, et les parties s'enchaînent suffisament rapidement pour que les alliances tournent et ne laissent personnes sur sa faim.A deux, il est très stratégique, avec réflexion à la clé pour trouver les meilleurs coups; à trois, il est stratégique et fun, ambiance garantie aussi!!;à quatre, tout le monde est debout, et même si on se fait piéger ses caravanes, on a toujours la frontière gratuite pour bien se venger tout en s'amusant!!Jouer avec le gérant est un plus à mon sens, mais quoi qu'il en soit, c'est un bon jeu, un très bon jeu alliant ambiance, réflexion, matériel... j'aime!!",8,que termine petits voisines!!!Quelle bonne ambiance pourrissement sauvage amical non vraiment est pris ambiance parties enchaînent suffisament rapidement que alliances tournent ne laissent personnes faim A deux est très stratégique réflexion clé trouver meilleurs coups est stratégique ambiance garantie aussi!!;à quatre tout monde est debout même si fait piéger caravanes a toujours frontière gratuite bien venger tout amusant!!Jouer gérant est plus sens qu' soit est bon très bon alliant ambiance réflexion matériel aime
Créatures & Cultistes,"... là, il faut évidement un zeste de bonne humeur, deux doigts à deux litres de fourberies, un léger passé de rôliste pour que la mayonnaise monte, et hop, on entre de but en blanc dans le vif du sujet : le chaos et le troisième degré au carré!!Après Munchkin et pour se retrouver à la tête d'un clergé très anti-cléricale, surtout chez les autres, y'a pas mieux.Un zeste de citron pour l'acidité et hop, un peu de vitriol pour le goùt... moi, j'vous l'dis, cette recette, ça peut être étouffant si on en mange des tonnes, mais par période, comme ça, en vacances et tout et tout... c'est bien marrant à se baffrer!!;-)",6,là faut évidement zeste bonne humeur deux doigts deux litres fourberies léger passé rôliste que mayonnaise monte hop but blanc vif sujet chaos troisième degré carré!!Après Munchkin retrouver tête clergé très anti-cléricale surtout autres a pas mieux zeste citron acidité hop peu vitriol goùt dis recette peut être étouffant si mange tonnes période comme vacances tout tout est bien marrant baffrer!!;-
Red Hot Silly Dragon,"....Chbbrroufff!!! surtout bien cuit!!! lolen voilà un petit jeu qui a été facile à comprendre, facile à jouer, mais en définitive pas si facile que ça à gagner...Bien sûr, il y a des dés, ça complique un peu, surtout quand un souffle du Dragon de taille minimale et d'intensité minimale d'après la boule de cristal s'avère être grâce aux dés (5;5;6) de Taille 5 et d'Intensité 5... rien que des cendres, il restait!!Non, en définitive, et ce qui montre bien le côté stratégique (non science exacte cependant... du bluff, quoi!!), c'est le côté toujours plus retors de ses compagnons des flammes... comment prévoir qu'en plus, l'un d'eux jouerait un soufflet là-dessus... et hop, une belle Taille 6 et Intensité 6, même le sien du coup, bien au fond de la grotte pour profiter du spectacle, fût surpris... et chaudement!!Un petit jeu qui anime super bien la tablée de joueurs et qui, à mon sens, est assez accrocheur aussi pour initier des nouveaux joueurs...Que du bon, somme toute... alors, prêt pour le baptême du feu???;-))",8,Chbbrroufff surtout bien cuit lolen voilà petit a été facile comprendre facile jouer définitive pas si facile que gagner Bien sûr a dés complique peu surtout quand souffle Dragon taille minimale intensité minimale boule cristal avère être grâce dés 5;5;6 Taille 5 Intensité 5 que cendres restait!!Non définitive montre bien côté stratégique non science exacte cependant bluff est côté toujours plus retors compagnons flammes comment prévoir qu' plus jouerait soufflet là - dessus hop belle Taille 6 Intensité 6 même sien coup bien fond grotte profiter spectacle surpris chaudement!!Un petit anime super bien tablée joueurs sens est assez accrocheur aussi initier nouveaux joueurs Que bon somme toute alors prêt baptême feu???;-
Zombies,"... parce qu'ils viennent te bouffer, mon enfant...Et bien, même si, je le dis d'entrée, je suis pas un fan du gore et de l'illustration de la boite qui est... assez ""gore"" à mon sang... euh, mon sens... pour le reste, toutes les parties faites ont été un franc succès!!J'avais prèvenu aussi dés le départ : ""dites, les gars, on est potes, hein?? c'est à la vie à la mort?? ok, et ben... souvenez-vous en!! lolle matériel est sympa, les illustrations des cartes sont bien dans le ton, la règle est claire bien que sombre (sisi, ça veut dire quelque chose) et les tours, (bien qu'effectivement un peu répétitif, mais en fait pas vraiment, vu qu'à chaque fois la situation a évolué, donc tout est à nouveau à reconsidérer), s'enchaînent rapidement... sauf que ils s'enchaînent lentement (logique)Parce que ce jeu, il est bien plus stratégique qu'on pourrait le croire...même si rien n'empêche de le jouer ""Grobill"" et gagner!!Récapitulatif de ce qui a été fait, se mettre à la portée de l'opportunité d'un joueur afin de se le concilier, etc...l'ambiance est géante, on attend avec anxiété où vont les adversaires, les zombies, qui vote quoi...ça trahit joyeusement, ça rigole de se faire décimer et on souffle que ça s'arrête... pour mieux en refaire une petite!!ça vaut le cinq, mais comme je reste persuadé qu'il y a la place pour une extension, je garde le 4 afin de pouvoir encore monter quand il sera encore mieux!!",8,parce qu' viennent bouffer enfant bien même si entrée suis pas fan gore illustration boite est assez gore sang euh sens reste toutes parties faites ont été franc succès!!J' avais prèvenu aussi départ dites gars est potes hein est vie mort ok ben souvenez -vous lolle matériel est sympa illustrations cartes sont bien ton règle est claire bien que sombre sisi veut dire chose tours bien qu' effectivement peu répétitif fait pas vraiment vu qu' fois situation a évolué donc est nouveau reconsidérer enchaînent rapidement que enchaînent lentement logique)Parce que est bien plus stratégique pourrait croire même si n' empêche jouer Grobill gagner!!Récapitulatif a été fait mettre portée opportunité joueur afin concilier etc ambiance est géante attend anxiété vont adversaires zombies vote trahit joyeusement rigole faire décimer souffle que arrête mieux refaire petite!!ça vaut cinq comme reste persuadé qu' a place extension garde 4 afin pouvoir encore monter quand sera encore mieux
Les Chevaliers de la Table Ronde,"... hein, ah bon, pas l'temps...Il faut dire, c'est vrai qu'il y a du boulot : empêcher les félons de gagner (et même les démasquer, pourquoi pas), faire triompher l'honneur, le Bien et la Justice, courir de gauche et de droite, tout ça avec ces nobles compagnons... hardi, et haut-les-coeurs!!Ce jeu me bluffe, m'épate, m'enthousiasme. Il est beau, très beau, à tout point de vue, j'apprècie le graphisme, les figurines, les couleurs, les règles... j'adhère à 100%.J'aimais beaucoups les SdA, un des premiers jeux coopératifs auquel j'ai pu jouer, dans un univers qui me plait bcp, tentant de battre nos propres records d'équipes ou surmonter nos échecs, en refaisant le voyage de la communauté, mais là, c'est en plus, joyeux, immersif, avec en même temps, une pointe de doute, de soupçon, parfois même d'angoisse quand peu-à-peu, on se dit qu'un de nos compagnon à le coeur remplit de duplicité...ça se joue bien, les règles, bien que nombreuses, sont assimilés rapidement, et l'ambiance prend... non, vraiment les mots me manquent devant cette vraie réussite, je ne dirai donc plus qu'un mot : Bravo!!!!",7,hein ah bon pas temps faut dire est vrai qu' a boulot empêcher félons gagner même démasquer pourquoi pas faire triompher honneur Bien Justice courir gauche droite tout nobles compagnons hardi haut - coeurs!!Ce bluffe épate enthousiasme est beau très beau point vue apprècie graphisme figurines couleurs règles adhère 100%.J' aimais beaucoups SdA premiers coopératifs auquel ai pu jouer univers plait bcp tentant battre propres records équipes surmonter échecs refaisant voyage communauté là est plus joyeux immersif même temps pointe doute soupçon parfois même angoisse quand peu-à-peu dit qu' compagnon coeur remplit duplicité joue bien règles bien que nombreuses sont assimilés rapidement ambiance prend non vraiment mots manquent vraie réussite ne dirai donc plus qu' mot Bravo
Pirates of the Crimson Coast,"Il y a là tous les composants d'un bon jeu :matériel plaisant (parfois fragile)thème accrocheurrègles et mécanisme simple et néanmoins tactiqueun poil de hasardBien sûr le côté collectionnite peut rebuter certains, mais sans aller chercher les rares, il y a moyen de faire de bonnes flottes... avec des forts, et des bâteaux français!!Un petit scénario est tout-à-fait le bienvenue pour changer un peu de la course au trésor, mais ça viendra en son temps.Avec le moyen de faire facilement les iles en 3D, on obtient des tables de jeux très attirantes.Un bon jeu, sans soucis, alors... souques ferme, mat'lot, sinon, le cap'taine Jack Hawkins va t'montrer comment qu'on nourrit les requins par chez nous...",8,a là tous composants bon matériel plaisant parfois fragile)thème accrocheurrègles mécanisme simple néanmoins tactiqueun poil sûr côté collectionnite peut rebuter aller chercher rares a moyen faire bonnes flottes forts bâteaux français!!Un petit scénario est tout-à-fait bienvenue changer peu course trésor viendra temps moyen faire facilement iles 3D obtient tables très attirantes bon soucis alors souques ferme mat' lot sinon cap' taine Jack Hawkins va montrer comment qu' nourrit requins
Niagara,"... en fait, il y a tout pour passer un bon moment avec ce jeu, et c'est ce qui arrive!!En effet, jouer sans réfléchir, et se rendre compte que ça peut marcher; jouer en comptant les cartes ""rame"" des autres joueurs et se rendre compte que ça peut ne pas marcher... et bien c'est amusant... car on y réfléchit, on sait que la configuration (nbre de joueur, météo, opportunité) influe, mais pas seulement... les discussions autour de la table aussi : ""tiens, mon coeur, si tu joues ta météo en -1, il n'y aura plus de courant""""ab oui, tiens, c'est rigolo!!"" (... bouge le nuage, et hop, pile poil ce que je voulais... lol).On tente ou pas de deviner ce qui se passe, on se bluffe soi-même parfois, on s'étonne... bref on vit un bon moment ensemble, que ce soit famille, amis, etc... et même pour les plus jeunes, dés qu'on sait compter jusqu'à 6, c'est drôle!!Bon, j'vous laisse, j'ai encore un rubis à remonter avant de pouvoir enlever mon gilet!!!",10,"fait a tout passer bon moment est effet jouer réfléchir rendre compte que peut marcher jouer comptant cartes rame autres joueurs rendre compte que peut ne pas marcher bien est amusant réfléchit sait que configuration nbre joueur météo opportunité influe pas seulement discussions autour table aussi tiens coeur si joues météo -1 n' aura plus courant""""ab oui tiens est rigolo bouge nuage hop pile poil voulais lol).On tente pas deviner passe bluffe - même parfois étonne bref vit bon moment ensemble que soit famille amis etc même plus jeunes dés sait compter est drôle!!Bon laisse ai encore rubis remonter pouvoir enlever gilet"
Sharur Evolutions,"Ce petit jeu d'évolution, de conquête et de baston me plait beaucoup... surtout en fait avec la V2.0 des règles et les petits aménagements qui nous permettent d'y jouer en parties plus vives et plus disputés... Bien sûr, ce qui est le plus plaisant est de faire évoluer sa race, avec un plateau fort bien fait pour matérialiser tout ça...Maintenant, il ne me reste plus qu'à l'essayer sur son plateau 3D et ce sera le top!!à essayer, il a des chances de vous plaire.",8,petit évolution conquête baston me plait beaucoup surtout fait V2.0 règles petits aménagements permettent jouer parties plus vives plus disputés Bien sûr est plus plaisant est faire évoluer race plateau fort bien fait matérialiser tout Maintenant ne reste plus qu' essayer plateau 3D sera top!!à essayer a chances plaire
Pirates du Nouveau Monde,"Pas de problème, le format et la présentation attire sans conteste le regard... on se penche et hop, c'est quasi-fini...On tente d'avoir tous les bâteaux, des fois que...On cherche l'équipe qui gagne, et c'est pas forcément les plus chers ni les plus rares qui sont de la partie...On tâte de la tactique, on coule, on modifie et on y retourne...Bon, soit, manipuler les bâteaux demande de l'honnêteté (mais non, je te dis, j'ai pas avancé mon bâteau de 20 cm en mesurant à la réglette la distance...), mais, pour peu que le décor (nappe bleu et îles en relief s'y prête) et la magie opère encore plus facilement : on entend le tonnerre des bordées, les hurlements des membres d'équipages qui abordent, les écus sonnants et trébuchants...Ouaip, prenez garde, mousaillons, et tremblez : le cap'taine 'Ad Hoc' est de retour...",8,Pas problème format présentation attire conteste regard penche hop est quasi - fini tente avoir tous bâteaux fois que cherche équipe gagne est pas forcément plus chers plus rares sont partie tâte tactique coule modifie retourne Bon manipuler bâteaux demande honnêteté non te dis ai pas avancé bâteau 20 cm mesurant réglette distance peu que décor nappe bleu îles relief prête magie opère encore plus facilement entend tonnerre bordées hurlements membres équipages abordent écus sonnants trébuchants Ouaip prenez garde mousaillons tremblez cap' taine Ad Hoc est retour
Duell,"rapide, agréable, stimulant et lançant de suite l'imaginaire où, un fleuret à la main, on avance, puis recule, et décale, et pare... tout comme les vrais quoi!!Il est vrai que la règle primitive est sûrement la plus tactique et complète. Le jeu prend alors son envol.Très très sympa, et pour tous...Bien sûr, les règles de base sont vraiment de base et ne sont là que pour prendre en main le jeu.Par la suite, voir quelle sont les cartes joués et encore en main, tenter un bluff et se retrouver trop ""court"" pour passer, ou au contraire réussir une botte à coup sûr imparable car bien préparée... vraiment plaisant!!à ceux qui n'ont pas aimé, revenez-y avec les règles avancés, vous verrez... c'est bluff, tactique et mémoire au rendez-vous!!",8,rapide agréable stimulant lançant suite imaginaire fleuret main avance recule décale pare tout vrais quoi!!Il est vrai que règle primitive est sûrement plus tactique complète prend alors envol Très très sympa tous Bien sûr règles base sont vraiment base ne sont là que prendre main suite voir sont cartes joués encore main tenter bluff retrouver trop court passer contraire réussir botte coup imparable bien préparée vraiment plaisant!!à n' ont pas aimé revenez - règles avancés verrez est bluff tactique mémoire rendez-vous
Richard Cœur de Lion,"... je fais gagner des points à mon voisin aussi!!! mais c'est pas normal du tout ça...Ce jeu de réflexion, assez stratégique à mon sens, est de très bonne facture (bien que n'ayant jamais joué à la version précédente).Tout ceux qui y ont joué étaient des joueurs, malgré tout, car, en dehors de vieux briscards du jeu de rôle, on y réfléchi plus qu'on ne s'envoie des piques... quoique, se plaindre de ses cartes, détourner l'attention de ses adversaires sur le soi-disant potentiel ""plus fort"", etc... il y a moyen d'""ambiancer"" tout ça, mais la part de réflexion sur ""quand jouer quoi? quand vendre quoi? quand acheter quoi? et où poser quoi?"" est quand-même importante... (primordiale)Allez, Baron, osez poser cette frontière ici, et je sors un nouveau chevalier pour vous faire rendre gorge...",8,"fais gagner points voisin aussi est pas normal tout réflexion assez stratégique sens est très bonne facture bien que n' ayant jamais joué version précédente).Tout ont joué étaient joueurs vieux briscards rôle réfléchi plus qu' ne envoie piques quoique plaindre cartes détourner attention adversaires soi - disant potentiel plus fort a moyen d'""ambiancer tout part réflexion quand jouer quand vendre quand acheter poser est quand même importante primordiale)Allez Baron osez poser frontière ici sors nouveau chevalier faire rendre gorge"
Vous êtes l'As des As,"... étonnant!!! je dirai même que je suis agréablement estomaqué...Y'a du boulot pour pondre ça, vous ne croyez pas??Et ça tourne... et c'est prenant... et on s'y croirait à faire des acrobaties dans le ciel, priant pour que la manoeuvre choisit soit la bonne et surprenne l'adversaire... et on s'étonne de la complexité que peut atteindre graduellement ce jeu...Vraiment très bien... et si jamais vous avez les deux autres du même genre et qu'ils ne vous intéressent plus, je suis preneur... ;-))",8,étonnant dirai même que suis agréablement estomaqué a boulot pondre ne croyez pas??Et tourne est prenant croirait faire acrobaties ciel priant que manoeuvre choisit soit bonne surprenne adversaire étonne complexité peut atteindre graduellement Vraiment très bien si jamais avez deux autres même genre qu' ne intéressent plus suis preneur ;-)
Aux pierres du Dragon,"Non, pas du tout, il sert à miser, soit!! il sert à marquer son mécontentement lors d'une mise manquée, mais pas à frapper... en tout cas, c'est déconseillé pour l'ambiance...Je n'ai mis que 3 pour l'instant à ce jeu, car je n'en ai pas encore saisi toutes les subtilités... autrement dit, il va me falloir faire plus de parties avant de pouvoir bien saisir l'effet stratégique d'un jeu d'enchère (auquel, on l'aura compris, je ne suis que peu habitué...). Il est vrai que sinon, le jeu peut paraître long et répétitif, mais je ne peux me résoudre à cette conclusion, donc...... j'y retourne : ""un... deux... trois, on retourne...""",6,Non pas tout sert miser sert marquer mécontentement lors mise manquée pas frapper cas est déconseillé ambiance n' ai mis que instant n' ai pas encore saisi toutes subtilités autrement dit va falloir faire plus parties pouvoir bien saisir effet stratégique enchère aura compris ne suis que peu habitué est vrai que sinon peut paraître long répétitif ne peux résoudre conclusion donc ...... retourne deux trois retourne
Zoon - Rhinogoths Monkus,"... et il le fait bien...sympa ce jeu, on installe le plateau où on veut (éviter les serviettes de plages... surtout mouillée et par fort vent...), on choisit son peuple, surtout quand on les a tous (ou presque) et hop, c'est parti.On essaye, on avance, on recule, ""ouhaouh, trop fort ton pouvoir, j'veux c'peuple pour la partie d'après!!"", on rigole et on s'régale...Par la suite, on construit, on réfléchi, on investigue, on mémorise et on rentre dans les profondeurs de ce jeu... (soit, pas abyssale, mais bien plus que ce qu'on pourrait croire au premier abord.)Le fait de ne pas avoir de booster (recharge à racheter pour avoir la dernière-carte-de-la-mort-qui-tue-la-vie) est un plus, même si il peut être intéressant de tenter de construire son paquet soi-même. (troisième profondeur du jeu).Jeu donc très agréable, sans prétention, et qui donc, les tient toutes ou presque...Allez, Zoooonnnn!!",6,fait bien sympa installe plateau veut éviter serviettes plages surtout mouillée fort vent choisit peuple surtout quand a tous presque hop est parti essaye avance recule ouhaouh trop fort ton pouvoir veux c' peuple partie après rigole régale suite construit réfléchi investigue mémorise rentre profondeurs pas abyssale bien plus que pourrait croire premier abord.)Le fait ne pas avoir booster recharge racheter avoir dernière - carte - de - la - mort - - tue - la - vie est plus même si peut être intéressant tenter construire paquet - même troisième profondeur jeu).Jeu donc très agréable prétention donc tient toutes presque Allez Zoooonnnn
Draco & Co,"Ce petit jeu de chaise musical se fait fort sympathique pour peu qu'on se jette un peu dans l'ambiance... un petit plateau rond avec encoche fait maison pour que la table ronde reste bien ronde... les boissons adéquats nécessaire lors d'une levée de coude et hop, tous le monde tente de se rapprocher et de crasser à tout va...Bien sûr, il n'y a pas là le jeu de l'année, mais j'ai trouvé le concept sympathique et pour réchauffer l'ambiance, ça peut l'faire!!",6,petit chaise musical fait fort sympathique peu qu' jette peu ambiance petit plateau rond encoche fait maison que table ronde reste bien ronde boissons adéquats nécessaire lors levée coude hop tous monde tente rapprocher crasser va Bien sûr n' a pas là année ai trouvé concept sympathique réchauffer ambiance peut faire
Mr. Jack - London,"... et je pèse mes mots!!Je trouve ce jeu très très bien vu, et, ayant eu la chance de pouvoir le commander, le matèriel, sortant un peu de l'ordinaire, tout en étant de facture très agréable à manipuler, à regarder, à toucher, ajoute un plus dans le déroulement et le plaisir ludique de ce jeu...J'irai même jusqu'à dire que si le jeu est un peu déséquilibré si les joueurs ne sont pas de même niveau, ils s'amusent quand-même dans cette joyeuse course-poursuite à manipuler les pions, les approchant ou les éloignant les uns des autres, les éclairant et les éteignant, faisant monter peu-à-peu la pression autour du coupable.Un très bon jeu qui mérite l'édition à grande échelle, et une expérience que l'on rêve effectivement de pouvoir partager à plus que deux, même si, dans sa forme actuelle, deux joueurs est effectivement le nombre pour lequelle il est conçu (comprenez qu'il n'est pas évident en l'état de jouer à plusieurs juste en changeant un poil les règles comme ça peut parfois s'envisager sur d'autres jeux à deux).Une réussite, un plaisir de réflexion, d'amusement joyeux, grâce aussi aux illustrations très agréables, bref... je suis ravi de mon achat, moi!!Accroche-toi à ta pipe, Sherlock, ça va fumer sec sous le chapeau!!",10,pèse mots!!Je trouve très très bien vu ayant eu chance pouvoir commander matèriel sortant peu ordinaire tout étant facture très agréable manipuler regarder toucher ajoute plus déroulement plaisir ludique irai même dire que si est peu si joueurs ne sont pas même niveau amusent quand - même joyeuse course poursuite manipuler pions approchant éloignant uns autres éclairant éteignant faisant monter peu-à-peu pression autour coupable très bon mérite édition grande échelle expérience que rêve effectivement pouvoir partager plus que même si forme actuelle deux joueurs est effectivement nombre lequelle est conçu comprenez qu' n' est pas évident état jouer juste changeant poil règles peut parfois envisager autres deux).Une réussite plaisir réflexion amusement joyeux grâce aussi illustrations très agréables bref suis ravi achat moi!!Accroche - toi pipe Sherlock va fumer sec chapeau
